{"cameraMode":{"drawMode":0,"name":"Shaded","section":"Shading Mode"},"sceneLighting":true,"audioPlay":false,"sceneViewState":{"m_AlwaysRefresh":false,"showFog":true,"showSkybox":true,"showFlares":true,"showImageEffects":true,"showParticleSystems":true,"showVisualEffectGraphs":true,"m_FxEnabled":true},"in2DMode":false,"pivot":{"x":-75.57395935058594,"y":13.521272659301758,"z":24.413726806640626},"rotation":{"x":0.03381742164492607,"y":0.5842512249946594,"z":0.02436000108718872,"w":-0.8104789853096008},"size":46.24302673339844,"orthographic":false}